{"_step":59,"heldout_worst_pred_div_meanabs":0.0009279756073745538,"_runtime":56.039637542,"heldout_worst_pred_div_meanabs_best":0.00016047469736500122,"heldout_worst_best":1.0027970000877335,"epoch":59,"op_total_loss":0.9548308344140778,"_wandb":{"runtime":56},"op_train_rel_l2":0.9542677777707698,"gen_pred_div_meanabs":0.0005690795018684384,"_timestamp":1.7769011725550442e+09,"pred_div_nodes":11136,"velocity_nodes":11136,"heldout_mean_rel_l2":0.9505787715501521,"heldout_mean_pred_div_meanabs":0.0005184753727967754,"boundary_quad_points":41,"op_train_pred_div_meanabs":0.0005630566433080407,"boundary_nodes":41,"sampler_dim":8,"pred_div_stencil":21,"op_div_weight":1,"heldout_worst_rel_l2":1.0277819906546153,"sig_mean":0.1289955994463928}